{
  "classification": {
    "precision@5": 0.027450980392156866,
    "recall@5": 0.13725490196078433,
    "f1@5": 0.04575163398692811,
    "precision@10": 0.02303921568627451,
    "recall@10": 0.23039215686274508,
    "f1@10": 0.04188948306595365
  },
  "regression": {
    "sets": {
      "mae": 0.7557210326194763,
      "rmse": 0.9269563323623332,
      "r2": -1.715796947479248,
      "n_samples": 180
    },
    "reps": {
      "mae": 3.607623338699341,
      "rmse": 4.929516869446955,
      "r2": -0.6037569046020508,
      "n_samples": 180
    },
    "kg": {
      "mae": 22.183082580566406,
      "rmse": 27.85246316916771,
      "r2": -0.3328484296798706,
      "n_samples": 164
    },
    "km": {
      "mae": 4.3752121925354,
      "rmse": 4.419182810434089,
      "r2": -207.3423309326172,
      "n_samples": 10
    },
    "min": {
      "mae": 4.250277042388916,
      "rmse": 5.826284818612772,
      "r2": 0.03843611478805542,
      "n_samples": 200
    },
    "minRest": {
      "mae": 0.7732186913490295,
      "rmse": 0.9601165552213637,
      "r2": -1.3377153873443604,
      "n_samples": 180
    },
    "avgHR": {
      "mae": 26.588041305541992,
      "rmse": 29.310810227481024,
      "r2": -5.688650608062744,
      "n_samples": 200
    },
    "peakHR": {
      "mae": 32.95762252807617,
      "rmse": 35.96135757005358,
      "r2": -5.361356735229492,
      "n_samples": 200
    }
  },
  "test_samples": 204,
  "model_path": "../artifacts_exercise_rec/best_model.pt",
  "test_data_path": "../../../Data/data/merged_omni_health_dataset.xlsx"
}