{
  "model_version": "v3_enhanced",
  "training_date": "2025-11-25",
  "dataset_info": {
    "data_directory": "d:/dacn_omnimer_health/3T-FIT/ai_server/artifacts_unified/src/v3/data",
    "total_samples": 10200,
    "train_samples": 7140,
    "val_samples": 1020,
    "test_samples": 2040,
    "feature_columns": [
      "age",
      "weight_kg",
      "height_m",
      "bmi",
      "experience_level",
      "workout_frequency",
      "resting_heartrate",
      "gender",
      "mood_numeric",
      "fatigue_numeric",
      "effort_numeric"
    ],
    "numeric_features": [
      "age",
      "weight_kg",
      "height_m",
      "bmi",
      "experience_level",
      "workout_frequency",
      "resting_heartrate",
      "mood_numeric",
      "fatigue_numeric",
      "effort_numeric"
    ],
    "categorical_features": [
      "gender"
    ],
    "data_sources": {
      "primary": 10000,
      "test": 200
    }
  },
  "target_statistics": {
    "train": {
      "1rm_mean": 70.809418767507,
      "1rm_std": 38.17973739971857,
      "1rm_min": 0.0,
      "1rm_max": 180.1,
      "suitability_mean": 0.5002198879551821,
      "readiness_mean": 0.9567787114845939
    },
    "test": {
      "1rm_mean": 69.78516666666667,
      "1rm_std": 40.37693597703757,
      "1rm_min": 0.0,
      "1rm_max": 224.0,
      "suitability_mean": 0.5306176470588235,
      "readiness_mean": 0.9586274509803923
    }
  },
  "test_results": {
    "test_loss": 2334.4028310775757,
    "test_metrics": {
      "1rm_mae": 24.49979019165039,
      "1rm_mse": 1167.8641357421875,
      "1rm_rmse": 34.17402720988832,
      "1rm_r2": 0.2836495041847229,
      "1rm_mape": 98251210752.0,
      "suitability_mae": 0.042951494455337524,
      "suitability_mse": 0.011834501288831234,
      "suitability_rmse": 0.10878649405524214,
      "suitability_r2": -0.08298599720001221,
      "suitability_mape": 6.3387579917907715,
      "readiness_mae": 0.07227739691734314,
      "readiness_mse": 0.0074486383236944675,
      "readiness_rmse": 0.08630549416864762,
      "readiness_r2": 0.056674957275390625,
      "readiness_mape": 7.897366046905518
    },
    "test_samples": 2040,
    "validation_loss_best": 1962.9457378387451
  },
  "sepa_mapping": {
    "mood": {
      "Very Bad": 1,
      "Bad": 2,
      "Neutral": 3,
      "Good": 4,
      "Very Good": 5,
      "Excellent": 5
    },
    "fatigue": {
      "Very Low": 1,
      "Low": 2,
      "Medium": 3,
      "High": 4,
      "Very High": 5
    },
    "effort": {
      "Very Low": 1,
      "Low": 2,
      "Medium": 3,
      "High": 4,
      "Very High": 5
    }
  },
  "workout_goals": {
    "strength": {
      "intensity_percent": [
        0.85,
        0.95
      ],
      "rep_range": [
        3,
        5
      ],
      "sets_range": [
        4,
        5
      ],
      "rest_minutes": [
        3,
        5
      ],
      "description": "Strength Training - Heavy loads, low reps"
    },
    "hypertrophy": {
      "intensity_percent": [
        0.7,
        0.8
      ],
      "rep_range": [
        8,
        12
      ],
      "sets_range": [
        3,
        4
      ],
      "rest_minutes": [
        1,
        2
      ],
      "description": "Hypertrophy - Moderate loads, medium reps"
    },
    "endurance": {
      "intensity_percent": [
        0.5,
        0.6
      ],
      "rep_range": [
        15,
        25
      ],
      "sets_range": [
        2,
        3
      ],
      "rest_minutes": [
        0.5,
        1
      ],
      "description": "Endurance - Light loads, high reps"
    },
    "general_fitness": {
      "intensity_percent": [
        0.6,
        0.75
      ],
      "rep_range": [
        10,
        15
      ],
      "sets_range": [
        3,
        4
      ],
      "rest_minutes": [
        1,
        2
      ],
      "description": "General Fitness - Balanced approach"
    }
  },
  "model_architecture": {
    "input_dim": 12,
    "hidden_dim": 256,
    "num_layers": 2,
    "dropout": 0.2,
    "use_transformer": false,
    "multi_task_heads": [
      "1rm_prediction",
      "suitability_scoring",
      "readiness_factor"
    ]
  },
  "best_validation_metrics": {
    "1rm_mae": 22.652198791503906,
    "1rm_mse": 981.1141967773438,
    "1rm_rmse": 31.322742484931677,
    "1rm_r2": 0.3593236207962036,
    "1rm_mape": 87634673664.0,
    "suitability_mae": 0.011952697299420834,
    "suitability_mse": 0.0001964629627764225,
    "suitability_rmse": 0.014016524632604992,
    "suitability_r2": 0.0028654932975769043,
    "suitability_mape": 2.3936357498168945,
    "readiness_mae": 0.07661990076303482,
    "readiness_mse": 0.0081656314432621,
    "readiness_rmse": 0.09036388351140127,
    "readiness_r2": 0.027073323726654053,
    "readiness_mape": 8.369787216186523
  },
  "training_config": {
    "epochs": 3,
    "batch_size": 32,
    "learning_rate": 0.001,
    "loss_weights": {
      "1rm": 2.0,
      "suitability": 1.0,
      "readiness": 0.5
    }
  },
  "strategy_analysis_implementation": {
    "feature_engineering": "1RM estimation using Epley formula",
    "sepa_integration": "Mood, Fatigue, Effort standardized to 1-5 scale",
    "readiness_calculation": "Auto-regulation based on SePA scores",
    "multi_task_learning": "Simultaneous 1RM, suitability, and readiness prediction",
    "rule_based_decoding": "Goal-based workout parameter generation"
  }
}