{
  "1RM": {
    "mae": 40.30048107147217,
    "mse": 2453.6439182103654,
    "rmse": 49.53427013907004,
    "r2": -0.3562852588558725,
    "mape": 6.148139770330481e+18,
    "max_error": 151.52283477783203,
    "mean_error": -21.025721722412108,
    "std_error": 44.850450881368545,
    "classification": {
      "accuracy": 0.555,
      "precision": 0.6930760368663594,
      "recall": 0.555,
      "f1": 0.45352995590638584
    }
  },
  "Suitability": {
    "mae": 0.326711114358902,
    "mse": 0.11886131490193358,
    "rmse": 0.3447626936052298,
    "r2": -4.8070756475816125,
    "mape": 42.307356040713294,
    "max_error": 0.4994935989379883,
    "mean_error": 0.31367336375713345,
    "std_error": 0.14307458114989743,
    "classification": {
      "accuracy": 0.975,
      "precision": 0.950625,
      "recall": 0.975,
      "f1": 0.9626582278481013
    }
  },
  "Readiness": {
    "mae": 0.05031433200836182,
    "mse": 0.0033061335253589887,
    "rmse": 0.057498987168114433,
    "r2": 0.012191436093746177,
    "mape": 5.34316818211593,
    "max_error": 0.11441119909286501,
    "mean_error": 0.013027505993843076,
    "std_error": 0.056003728562832054,
    "classification": {
      "accuracy": 1.0,
      "precision": 1.0,
      "recall": 1.0,
      "f1": 1.0
    }
  }
}