{
  "model_type": "TwoBranchRecommendationModel",
  "architecture": {
    "branch_a_input_dim": 28,
    "branch_a_layers": [
      64,
      32,
      1
    ],
    "branch_b_input_dim": 29,
    "branch_b_layers": [
      128,
      64,
      1
    ]
  },
  "training_history": {
    "train_loss": [
      30.34980420193641,
      6.315488922829721,
      3.521726524907779,
      2.9631135307885463,
      2.681784647742128,
      2.4243107730267095,
      2.3962612483236523,
      2.0970533794047785,
      1.8464687996440463,
      1.4402501575307909,
      1.3464938745000004,
      1.2652757086005866,
      1.115551988673366,
      1.0536248193067663,
      1.0601153280220779,
      1.0817286609824186,
      1.0425456392219643,
      1.035508340480281,
      1.0069634026172114,
      0.9705189774238986,
      0.9121272789886574,
      0.9767284654324351,
      0.9393040596270094,
      0.9509898412461374,
      0.9820459348703522,
      0.9466975370263742,
      0.9399008470423081,
      0.906297130911958,
      0.936989062362247,
      0.9531052408654705,
      0.932025688146454,
      0.9658081815912832,
      0.9278562201393975,
      0.9135745767674415,
      0.9425909375053605,
      0.9141173744513318,
      0.92700429056205,
      0.9113638455571692,
      0.9075442482443417,
      0.8602924865055708,
      0.9254196461509255,
      0.8584478217012742,
      0.9154983162879944,
      0.8805498052266688,
      0.9042724674823237,
      0.9094002242960961,
      0.8935048268511404,
      0.8885254945630342,
      0.8695411093873915,
      0.8912668847570232,
      0.8756500653971254,
      0.8795438938670688,
      0.9275312384748771,
      0.9129868936694525,
      0.8807154835439196,
      0.8916346672313665,
      0.8767318261994256,
      0.86904419793023,
      0.8602567689091551,
      0.8862968983213886,
      0.8559310436248779,
      0.8609796053443859
    ],
    "val_loss": [
      9.348023816650988,
      2.7472118536631265,
      1.8535666103456534,
      1.7659388126111497,
      1.692902630450679,
      1.7065596346761667,
      1.699243793300554,
      1.3146144151687622,
      1.0447109458493251,
      0.7303128815164753,
      0.682085352785447,
      0.5953564860072791,
      0.5923814890431423,
      0.5498733222484589,
      0.6089161868188896,
      0.5960354115448746,
      0.6184533057259578,
      0.5661980112393697,
      0.578261170317145,
      0.5467222543323741,
      0.5439917655552134,
      0.549861363920511,
      0.5426005113358591,
      0.5847771868986242,
      0.533413791773366,
      0.5734403764500338,
      0.5380891730972365,
      0.5569781018238441,
      0.5575147826297611,
      0.5365615662406472,
      0.5609229113541397,
      0.5488402609731636,
      0.5389663991974849,
      0.5290658199319652,
      0.5356348437421462,
      0.5297122802220139,
      0.5458573640561571,
      0.5849488237324882,
      0.5220878416416692,
      0.5313976804415385,
      0.5436632177409004,
      0.5485376978621763,
      0.5271959065222273,
      0.5415601426479864,
      0.5348955001316819,
      0.5413104044456108,
      0.5134184746181264,
      0.5150427455995598,
      0.5522621273994446,
      0.5198523700237274,
      0.5297180677161497,
      0.5255230273686203,
      0.5529597617831885,
      0.5492338573231417,
      0.5288598356293697,
      0.5234957121166528,
      0.5347034335136414,
      0.5390389982391807,
      0.5657110144110287,
      0.527094843340855,
      0.5138968720155603,
      0.545949822547389
    ],
    "train_intensity_loss": [
      29.767180617338692,
      5.818271722668916,
      3.03385792760288,
      2.479186301137887,
      2.2001239932050893,
      1.9438497322836732,
      1.9166130248238058,
      1.618347592408361,
      1.3683718002699559,
      0.9624814671628615,
      0.8691108975729911,
      0.788123156802327,
      0.6387139127340192,
      0.5769080314176535,
      0.583367372162981,
      0.6053174083528955,
      0.5662784853986665,
      0.5592702650556377,
      0.5305891417794757,
      0.4943719776042926,
      0.4358508438845865,
      0.5006955989143428,
      0.46318607441350523,
      0.4750221029800527,
      0.5059706494699117,
      0.4706876263314602,
      0.4640320997222576,
      0.43044904400320616,
      0.4611351376070696,
      0.47713642844966814,
      0.4561365742504207,
      0.4898334532197005,
      0.45195697769035703,
      0.4377967408474754,
      0.4667614860082763,
      0.4382745646475966,
      0.45107080607242833,
      0.4353695588758568,
      0.4316796177839921,
      0.38448097381521673,
      0.449723392335418,
      0.38259219816502404,
      0.4396465677354071,
      0.40484731361951704,
      0.4286209115502881,
      0.4336116435675839,
      0.41759174136944066,
      0.4126535467073029,
      0.3938043952183007,
      0.41553450117703356,
      0.39996378790903714,
      0.4036935949880703,
      0.4518430643027125,
      0.43729032459212286,
      0.4050304329667995,
      0.41593515863216,
      0.4010622852475815,
      0.39327724847723455,
      0.38459743169787663,
      0.41054116642358257,
      0.3803299043108435,
      0.38514771356302147
    ],
    "train_suitability_loss": [
      0.5826236749786178,
      0.49721720425132054,
      0.48786860607028787,
      0.483927245623146,
      0.4816606459664364,
      0.4804610294454238,
      0.4796482160979626,
      0.47870578855470897,
      0.47809699917930404,
      0.4777686891992108,
      0.47738298092013093,
      0.47715255403830337,
      0.4768380826594783,
      0.476716789350011,
      0.4767479594626458,
      0.47641125438260096,
      0.47626715138846754,
      0.47623807347677893,
      0.47637426229863383,
      0.47614700205964977,
      0.4762764351040709,
      0.4760328702677309,
      0.4761179870639751,
      0.47596773855826435,
      0.4760752846212948,
      0.47600990962358863,
      0.4758687471252641,
      0.47584808496088765,
      0.47585392446299785,
      0.4759688089096468,
      0.47588911496735864,
      0.47597472535239327,
      0.47589924483517415,
      0.47577783543300006,
      0.47582945149708417,
      0.47584280994982503,
      0.4759334843922285,
      0.47599428327255,
      0.47586463401520174,
      0.4758115153686673,
      0.4756962549842261,
      0.47585562280580107,
      0.47585174967260924,
      0.47570249029234346,
      0.4756515546172273,
      0.47578857965718685,
      0.47591308265729665,
      0.47587194980359543,
      0.4757367144612705,
      0.47573238377477606,
      0.4756862739332361,
      0.47585030104599746,
      0.4756881697894701,
      0.4756965691747229,
      0.4756850473631441,
      0.475699507917454,
      0.4756695404161815,
      0.4757669468720754,
      0.4756593353608075,
      0.4757557334074008,
      0.4756011392166412,
      0.47583189158657796
    ],