{
  "model_type": "TwoBranchRecommendationModel",
  "architecture": {
    "branch_a_input_dim": 28,
    "branch_a_layers": [
      64,
      32,
      1
    ],
    "branch_b_input_dim": 29,
    "branch_b_layers": [
      128,
      64,
      1
    ]
  },
  "training_history": {
    "train_loss": [
      25.38716993768231,
      7.293226489833757,
      4.401126716651168,
      3.5339657418868122,
      3.165758810012169,
      2.8561552474701326,
      2.7197541676315606,
      2.3553095565122715,
      2.183539951159284,
      1.7670549512688631,
      1.4981404320866454,
      1.4041807242468292,
      1.2688184446758695,
      1.3547624310636832,
      1.2558584049636243,
      1.2224612987898533,
      1.1287888058649949,
      1.1249864705247816,
      1.0876928863961712,
      1.0346078502586464,
      1.0116039931384566,
      0.9556188953468223,
      0.9406663553387511,
      0.9590081934835396,
      0.9799471053422666,
      0.9954989497957666,
      0.9283601181959015,
      0.9326252906151067,
      0.965692789726008,
      0.9127035768203486,
      0.946958620953404,
      0.9054969989396389,
      0.916947620366913,
      0.8989543373288672,
      0.886742353439331,
      0.8836061151978237,
      0.8661768350725859,
      0.8718226014399061,
      0.8782347417345234,
      0.8893499931478812,
      0.8990503892399906,
      0.8437227813246982,
      0.8578437356387868,
      0.8322079411519119,
      0.8668717087483874,
      0.8320448055765988,
      0.8349571192965788,
      0.8554352642663943,
      0.8210014887884551,
      0.82313867682725,
      0.8928126984951543,
      0.823495424650853,
      0.8253916077364504,
      0.8158279497639026,
      0.8125107631184696,
      0.8382634298474181,
      0.832636776702856,
      0.8363441275615319,
      0.813508366837221,
      0.8097374782063602,
      0.807592373268277,
      0.8222272431149202
    ],
    "val_loss": [
      9.267233568079332,
      3.821612428216373,
      2.3860276727115406,
      2.05154619029924,
      2.112445443284278,
      2.0690709890103807,
      2.0155323089337815,
      1.615249189676023,
      1.4952630365596098,
      1.012693703174591,
      0.7248339314086765,
      0.7997607062844669,
      0.8045566385867549,
      0.7191587113866619,
      0.6927913403978535,
      0.7089616714739332,
      0.6962744254691928,
      0.6687711617525887,
      0.6186327116162169,
      0.6065527504565669,
      0.5794539661968455,
      0.567885089154337,
      0.5570298795606575,
      0.5546501787269816,
      0.6500134818694171,
      0.5827178592775383,
      0.5767160940404031,
      0.5840051127415077,
      0.5766892117612502,
      0.5944518850130194,
      0.5736982600361693,
      0.5576478102627922,
      0.5651985886050206,
      0.5491551306902194,
      0.5544410149256388,
      0.5435409382277844,
      0.5396485346205094,
      0.5814068282351774,
      0.5697849182521596,
      0.5333255026854721,
      0.5392911089401619,
      0.5415810101172503,
      0.5471869040937984,
      0.5313034992592007,
      0.5346810174923317,
      0.5364407587285135,
      0.5260956994458741,
      0.5319082070799435,
      0.5399402888382182,
      0.5671514237628263,
      0.5289074071482116,
      0.5441197057565054,
      0.5357560544621711,
      0.5745151218246011,
      0.5380079921554116,
      0.5656167736240462,
      0.5648077165379244,
      0.539264467417025,
      0.5311012466748556,
      0.5439444394672618,
      0.5597016449068107,
      0.5389959835538677
    ],
    "train_intensity_loss": [
      24.79998655256882,
      6.794183385138418,
      3.9114384035658993,
      3.0484575453926537,
      2.6821923559787226,
      2.3737661468437294,
      2.2384168754995257,
      1.874672915810853,
      1.7033472421512106,
      1.2875253776319666,
      1.0187507314619675,
      0.9249951755688861,
      0.7899124939846837,
      0.876181996238777,
      0.777247041950818,
      0.7440781200828116,
      0.6504972435874876,
      0.6466349113026476,
      0.6095271835140154,
      0.5564866910865104,
      0.5335088379048054,
      0.477677675097986,
      0.46258330208803317,
      0.4809026013012805,
      0.5019017568990296,
      0.5175915495340341,
      0.45070795325282353,
      0.4547380728561894,
      0.487739431410054,
      0.4349236291608,
      0.4690149247256759,
      0.4278293378602446,
      0.43915870902585047,
      0.42124254193181304,
      0.40896561610348087,
      0.40570562849052594,
      0.3883915941894444,
      0.39411985046333736,
      0.40039149856840084,
      0.4113822362683957,
      0.42129334398344453,
      0.3660043467785798,
      0.38007671123041825,
      0.3543301282657517,
      0.389034172727002,
      0.3543165434224933,
      0.35743440069209514,
      0.3776125645910213,
      0.34332230745577347,
      0.34549349926266015,
      0.41498709153505714,
      0.3457837092623212,
      0.3477521127248122,
      0.33813664175910885,
      0.3349253595167515,
      0.36061545071843404,
      0.3549521454409057,
      0.35867174583322864,
      0.3360435376369875,
      0.3320859529418883,
      0.32997819679040535,
      0.34472303745014216
    ],
    "train_suitability_loss": [
      0.5871834008911856,
      0.4990431167720969,
      0.48968832029236686,
      0.485508192988003,
      0.4835664495533588,
      0.4823890930297328,
      0.4813372884310928,
      0.480636638558768,
      0.48019270374884016,
      0.47952957909091626,
      0.4793896992611729,
      0.4791855480935838,
      0.47890595244426354,
      0.47858043394836725,
      0.4786113644737044,
      0.4783831780252893,
      0.4782915590635312,
      0.47835155970910015,
      0.4781657003499324,
      0.4781211571755752,
      0.4780951545518987,
      0.47794122205061074,
      0.4780830548090093,
      0.4781055917926863,
      0.4780453501963148,
      0.4779073948564093,
      0.4776521638717527,
      0.47788721965808495,
      0.47795335646548304,
      0.47777994629604364,
      0.47794369700687384,
      0.4776676603002486,
      0.47778890744533414,
      0.47771179267004427,
      0.4777767373845468,
      0.4779004838341981,
      0.47778523825352487,
      0.4777027541905447,
      0.47784324409135803,
      0.477967757804721,
      0.477757045646119,
      0.4777184358609268,
      0.477767025333604,
      0.47787781303225,
      0.47783753645965477,
      0.4777282579661974,
      0.47752272011407837,
      0.4778227003571255,
      0.47767918152746813,
      0.4776451780515559,
      0.4778256061809515,
      0.4777117155346216,
      0.477639495157728,
      0.4776913073717379,
      0.47758540491652646,
      0.4776479777167825,
      0.4776846285349403,
      0.47767237958565256,
      0.47746482920023353,
      0.4776515238035738,
      0.47761417798746647,
      0.4775042027429818
    ],